username,message,name
ludmilapalhano.psiquiatra,love how you helped 1500+ mentees go from $0 to $100k ‚Äì that's some serious impact lol. do you work 1:1 with your students?,Ludmila
namulwany,hey melanie - i love how you're not just a digital marketing expert but also mentoring and speaking at events while keeping that traveler/foodie vibe alive! lol. do you offer 1:1 coaching?,Melanie
chamtangofficial,"hey cham, love how you get straight to the point with no fluff in your masterclass, haha. do you offer 1:1s too?",Cham
toni_everard,"love how you mix mindset, communication, and strategy like three power moves in one (AND dropping tips on a podcast, too üëè) - do you offer 1:1 coaching?",Toni
teacherprix,"priscila, love how you're helping pre-intermediate speakers go from stuck to fluent in just 6 months (seriously, that‚Äôs massive)! do you still offer live lessons?",Priscila
ed.paget,"hey ed, I love how you've stepped up to *own* the scoliosis space with your course‚Äîfeels like you're changing lives daily. do you do 1:1 coaching alongside the course?",Ed
yg_thecareergem,"i love how you're closing the latina pay gap one mujer at a time, yanira üí™ do you offer 1:1 coaching?",Yanira
j.t.odonnell,hey J.T.! love how you're making career coaching feel personal through WorkItDAILY ‚Äî feels like you're really reinventing how people approach job searches. do you offer any 1:1 coaching on top of your programs?,J.T.
ronnie.built.that,"ronnie, I love how you're all about building those glutes and keeping it üî• with that booty guide! do you also offer 1:1 training?",Ronnie
yamileetoussaint,"hey yamilee, love how you‚Äôre using dance to change how girls see STEM ü§Ø do you offer any workshops for schools?",Yamilee
iammichellecaba,"michelle, love how you've blended your powerhouse biz strategy with the golfing world - super unique combo! 

do you still run the style your business program?",Michelle
lisaespinosa_,"lisa, love how you help people avoid burnout while still making a big impact üôå do you offer 1:1s?",Lisa
theninthsemester,"love how you‚Äôre making waves teaching Gen Z how to land those killer jobs‚Äîprops for repping NYC and Chi, too! do you offer 1:1 sessions?",Jade
sidpaulson1,"love how you‚Äôve mastered bodyweight strength and flexibility‚Äî10 years in, that‚Äôs next-level consistency haha! do you offer 1:1 coaching?",Sid
empowered_child_ministries,"bazira, your work is so inspiring! i love how you've made it your mission to not only care for kids but spread hope every day. do you offer ways for people to get involved directly?",Bazira
mr1percenter_,"tyree, love how you're all about scaling businesses and actually turning people into millionaires‚Äîso many coaches just say it but never deliver. do you help with e-commerce brands too?",Tyree
geisharene,"love how you're making fitness real for busy af moms, crying for more of that balance, lol. do you offer 1:1 coaching?",Geisha
the_seduxe,Please provide the Instagram data for me to analyze and generate the appropriate response.,Amber
roshanzameer.yt,"roshan, love how you're building out those YTA channels and making it sound so simple to get started. do you work 1:1 with people on growing their channels?",Roshan
thecarnivoremummy,"i love how you're all about movement, health, and making the nervous system your superpower üî• do you do 1:1 work with your clients?",The Carnivore
nettadobbins,"nettaaa, I love how you're repping #growwithgoogle for TN and thriving in the marketing space! do you offer 1:1 coaching?",Netta
k.a.nelson,"hey kate, love how you've been shedding light on indigenous stories in some major outlets‚Äîit‚Äôs clear you‚Äôre giving voice to something bigger than all of us. do you offer any 1:1 editing sessions?",Kate
max_tornow_business,"max, love how you‚Äôve scaled **$10m** in student results‚Äîpure proof your system works. do you help them hit their first 6 figures too?",Max
type1.dr.jody.nd,"jody, love how you‚Äôve been supporting the T1D community with telemedicine‚Äîusing your own journey since age 7 to help others is powerful! do you offer 1:1 consultations?",Jody
gcode3bm,"yo g-code, love how you're out here reppin‚Äô the hood and giving back through football and mentorship - straight inspiration, man. do you coach 1:1?",G-Code
bjjpt_acl_guy,"wow, love how you're blending sports rehab and the bjj mindset‚Äîmakes sense coming from a black belt like you! do you offer any 1:1 programs for athletes recovering from knee injuries?",Athlete
kalikaratestudio,"haha 3 ex-wives and bet it all on Bitcoin... sounds like you've been through some gladiator-level battles, man! do you run any 1:1 training?",Kali
jakeleiskewillis,"hey jake, I love how you‚Äôre helping parents go from rage to real peace without the guilt‚Äîpowerful stuff, man. do you offer 1:1 coaching?",Jake
love.evolv.ed,"love, healing codependency and secure attachment work through therapy and breathwork? talk about *truly* transformative. do you offer 1:1 sessions?",Love
princetoncareer,Not-qualified,Center
dawnbradley,"dawn, love how you're all about helping service biz owners make more $$$ without doubling the work‚Äîso rare haha. you do 1:1 coaching?",Dawn
louise_badasscoaching,"love how you‚Äôre all about building a mindset that‚Äôs as strong as the body, haha ‚Äî feels like that‚Äôs something so many women are missing out on! do you offer 1:1 coaching?",Louise
zachmentalloadcoach,"zach, your take on invisible labor and helping men step up with emotional work is üî• ‚Äì do you offer 1:1 sessions?",Zach
ruthysonntag,"love how you‚Äôre empowering both entrepreneurs AND kids to step into their power, that‚Äôs next-level impact üôå do you offer 1:1 coaching?",Ruthy
showupsociety,"tammie, I love how you're helping creatives and athletes actually *enjoy* the process instead of burning out, that's such a fresh angle! do you offer 1:1 coaching?",Tammie
coachkarfei,"karfei, love that you're raising the bar for coaches to up their income *and* impact ‚Äî the Forbes and Mindvalley creds don't hurt either haha. do you work with 1:1 clients?",Karfei
laceyfrench,i love how you're helping women fix their relationship with food while still chasing fat loss goals üôå do you do all your 1-1 coaching online?,Lacey
bjjpt_acl_guy,"love how you're blending sports PT with BJJ principles‚Äîseriously takes movement mastery to another level, lol. do you offer 1:1 sessions at athlete lab?",Athlete
kalikaratestudio,"haha, kali, the 3 ex-wives, bitcoin crash, and still fighting ‚Äî you‚Äôve definitely seen it all and kept going, respect.  
do you do any coaching around that fighter mindset?",Kali
jakeleiskewillis,"hey Jake, love how you're flipping the script on parenting‚Äîturning the chaos of yelling and guilt into confident, peaceful vibes. do you offer 1:1 coaching?",Jake
love.evolv.ed,"love, I can feel how deeply you're committed to helping people create conscious, secure relationships‚Äîhealing that codependency is no joke üòÖ do you do 1:1 therapy?",Love
princetoncareer,Not-qualified,Center
dawnbradley,love how you‚Äôre helping biz owners make more money without working more‚Äîfeels so needed right now! do you offer group coaching?,Dawn
louise_badasscoaching,"love how you‚Äôre cutting through all the yo-yo noise and making that badass mindset build true success for your clients, lol. do you offer 1:1 coaching?",Louise
zachmentalloadcoach,love how you're helping men step up and share the invisible weight that often goes unnoticed‚Äîfeels like you‚Äôre changing families for the better. do you offer 1:1 coaching?,Zach
ruthysonntag,"i love how you‚Äôre helping kids think, speak, and act like little champions! do you help entrepreneurs 1:1 too?",Ruthy
showupsociety,"hey tammie, love how you're all about helping creatives **and** athletes hit their goals *without* the stress + burnout‚Äîit‚Äôs like you‚Äôre making success actually *fun* lol! do you offer 1:1 coaching?",Tammie
coachkarfei,"karfei, I love how you're empowering coaches to shine brighter and make real impact‚Äîespecially with those Forbes and Mindvalley creds, haha. do you mostly help with scaling their income?",Karfei
simonsquibb,"man, i seriously love how you're out here helping founders *and* investing in the future with ideas like HelpBnk üëè do you offer 1:1 business advice?",Simon
dorthahise,"love how you empower women to not just optimize systems but also take care of their mental well-being, that‚Äôs next-level leadership! do you offer 1:1s?",Dortha
digital_diva_diana,love that you're all about turning passion into income w/ content that connects ‚Äì feels super aligned with what people need rn! do you help creators launch digital products too?,Diana
dwighttaylorsr,"Qualified

hey dwight, really love how you don‚Äôt just help people communicate better‚Äîyou help them *dominate* their day in every way, haha. do you offer 1:1 coaching?",Dwight
reimbursement_dietitian,"Qualified.

""love how you‚Äôre helping dietitians level up with insurance strategies‚Äîyou're showing the industry there‚Äôs *real* money on the table haha. do you offer 1:1 coaching as well?""",Reimbursement
melissaparisfitness,"Qualified. 

hey melissa, i love how you‚Äôre all about making the ‚Äúmotherload‚Äù lighter for new moms‚Äîseriously, kettlebells & pre/postnatal coaching? genius combo. do you offer 1:1 coaching?",Melissa
thesocialbarber,love how you're out here making it super simple for people to level up with digital products! do you offer courses?,Season
helping.hand.nutrition.rd,not-qualified,Jana
mirella_fitness,"hey mirella, love how you're helping mums get strong and fit, especially with all that pregnancy & postpartum recovery magic you're doing! do you offer 1:1 coaching?",Mirella
reimbursement_dietitian,"okay amy, i love how you‚Äôre teaching dietitians how to make insurance work FOR them, haha. do you offer 1:1 help as well?",Amy
fantheflame,haha i love how you're helping christian women lock in their dream marriages so quickly! do you offer 1:1 coaching?,Fan
travelercharly,"charly, i love how you‚Äôre out here changing the game for LGBT and BIPOC communities with making passive income, you don‚Äôt see that kind of unapologetic focus every day. do you still have availability for 1:1 coaching?",Charly
atpeaceparents,"absolutely love how you‚Äôre shifting paradigms for parents navigating PDA teens, must make such a huge difference in their fams! do you offer programs for just parents or teens too?",At Peace
yg_thecareergem,"love how you're all about empowering mujeres to own their worth and close that pay gap, yanira! do you offer 1:1 coaching?",Yanira
melissaparisfitness,"love how you're making motherhood a bit lighter for moms out there, especially with that pre/postnatal kettlebell work‚Äîso smart! do you offer 1:1 coaching?",Melissa
dorthahise,love how you‚Äôre all about empowering women to not just run their biz better but keep their mental wellbeing in check too‚Äîso key for long-term success! do you offer 1:1s?,Dortha
joyful_selling_for_creatives,"wow, you've been teaching creatives since 2004? that's serious dedication - love how you‚Äôre blending life coaching with the business side for them üôå do you offer more 1:1 coaching too?",Joyful
tyler_narducci,"yo Tyler, love how you're helping agencies scale like it's second nature lol. you do everything DFY?",Tyler
drjoyjacobs,"harvard + vogue + time + elle?! dang Joy, lol you've def built a powerhouse brand all about evidence and growth. do you offer virtual sessions?",Joy
relindemoors,"hey relinde, i love how you focus on helping coaches integrate their skills and actually *embody* ease instead of forcing hustle all the time. do you offer 1:1s for that purpose & prosper experience?",Relinde